{
    "loss": 0.2606176435947418,
    "accuracy": 0.9313725233078003
}