{
    "loss": 0.23845165967941284,
    "accuracy": 0.9411764740943909
}