{
    "loss": 0.2058725208044052,
    "accuracy": 0.9901960492134094
}